review_item_id,source_id,source_name,risk_type,review_status,review_required_reason,automation_blocked,human_review_only,credential_required,terms_url_or_note,priority,collectors_active,monitors_active,live_fetch_performed,live_source_coverage
REVIEW-24-CFR-1003-206-ICDBG-PROGRA-43357E,24-CFR-1003-206-ICDBG-PROGRA-43357E,24 CFR 1003.206 ICDBG Program Administration Costs,terms_review_required,pending,terms carry an obligation or restriction needing legal review,True,False,False,https://www.ecfr.gov/current/title-24/part-1003/section-1003.206,1,False,False,False,False
REVIEW-BIA-ACCESS-TO-CAPITAL-CLEARI-B5C49A,BIA-ACCESS-TO-CAPITAL-CLEARI-B5C49A,BIA Access to Capital Clearinghouse,terms_review_required,pending,terms carry an obligation or restriction needing legal review,True,False,False,https://www.bia.gov/atc/search,1,False,False,False,False
REVIEW-CATAWBA-NATION-A16252,CATAWBA-NATION-A16252,Catawba Nation,terms_review_required,pending,terms carry an obligation or restriction needing legal review,True,False,False,https://www.catawba.com/,1,False,False,False,False
REVIEW-CDFI-FUND-NATIVE-INITIATIVES-032595,CDFI-FUND-NATIVE-INITIATIVES-032595,CDFI Fund Native Initiatives (NACA Program),terms_review_required,pending,terms carry an obligation or restriction needing legal review,True,False,False,https://www.cdfifund.gov/programs-training/programs/native-initiatives,1,False,False,False,False
REVIEW-CWA-SECTION-319-TRIBAL-COMPE-9B12AC,CWA-SECTION-319-TRIBAL-COMPE-9B12AC,CWA Section 319 Tribal Competitive Grants (FY26 NOFO OPEN),terms_review_required,pending,terms carry an obligation or restriction needing legal review,True,False,False,https://www.epa.gov/nps/current-tribal-section-319-grant-information,1,False,False,False,False
REVIEW-DOE-IE-EXCHANGE-OFFICE-OF-IN-B11146,DOE-IE-EXCHANGE-OFFICE-OF-IN-B11146,DOE IE-Exchange (Office of Indian Energy application portal),terms_review_required,pending,terms carry an obligation or restriction needing legal review,True,False,False,https://ie-exchange.energy.gov/,1,False,False,False,False
REVIEW-DOE-INDIAN-ENERGY-GOVDELIVER-7050A9,DOE-INDIAN-ENERGY-GOVDELIVER-7050A9,DOE Indian Energy GovDelivery bulletins,terms_review_required,pending,terms carry an obligation or restriction needing legal review,True,False,False,https://content.govdelivery.com/accounts/USDOEIE/bulletins/41f4772,1,False,False,False,False
REVIEW-EDA-OPEN-FUNDING-SEARCH-ENDP-517E71,EDA-OPEN-FUNDING-SEARCH-ENDP-517E71,EDA Open Funding Search Endpoint,terms_review_required,pending,terms carry an obligation or restriction needing legal review,True,False,False,https://www.eda.gov/funding/funding-opportunities/all-opportunities?f%5B0%5D=funding_status%3A6565,1,False,False,False,False
REVIEW-EDA-PLANNING-PROGRAM-CEDS-00B949,EDA-PLANNING-PROGRAM-CEDS-00B949,EDA Planning Program (CEDS),terms_review_required,pending,terms carry an obligation or restriction needing legal review,True,False,False,https://www.eda.gov/funding/programs/planning,1,False,False,False,False
REVIEW-EDA-PROGRAM-LIST-4ED231,EDA-PROGRAM-LIST-4ED231,EDA Program List,terms_review_required,pending,terms carry an obligation or restriction needing legal review,True,False,False,https://www.eda.gov/funding/programs,1,False,False,False,False
REVIEW-EDA-PUBLIC-WORKS-ECONOMIC-AD-ACD229,EDA-PUBLIC-WORKS-ECONOMIC-AD-ACD229,EDA Public Works & Economic Adjustment Assistance (PWEAA),terms_review_required,pending,terms carry an obligation or restriction needing legal review,True,False,False,https://www.eda.gov/funding/programs/public-works,1,False,False,False,False
REVIEW-EDA-TRIBAL-ECONOMIC-DEVELOPM-3596B7,EDA-TRIBAL-ECONOMIC-DEVELOPM-3596B7,EDA Tribal Economic Development Resources,terms_review_required,pending,terms carry an obligation or restriction needing legal review,True,False,False,https://www.eda.gov/resources/tribal-economic-development-resources,1,False,False,False,False
REVIEW-FED-GRANTS,FED-GRANTS,Grants.gov,terms_review_required,pending,terms carry an obligation or restriction needing legal review,True,False,False,https://www.grants.gov/api/api-guide,1,False,False,False,False
REVIEW-FED-SAM-AL,FED-SAM-AL,SAM.gov Assistance Listings,terms_review_required,pending,terms carry an obligation or restriction needing legal review,True,False,False,https://sam.gov/content/assistance-listings,1,False,False,False,False
REVIEW-FHWA-OFFICE-OF-TRIBAL-TRANSP-6BBDFE,FHWA-OFFICE-OF-TRIBAL-TRANSP-6BBDFE,FHWA Office of Tribal Transportation — GovDelivery topic,human_review_only,pending,terms permit human access only; automation is not available,True,True,False,https://public.govdelivery.com/accounts/USDOTFHWA/subscriber/new?topic_id=USDOTFHWA_83,1,False,False,False,False
REVIEW-FIRST-NATIONS-DEVELOPMENT-IN-FD2A9C,FIRST-NATIONS-DEVELOPMENT-IN-FD2A9C,First Nations Development Institute Grantmaking,terms_review_required,pending,terms carry an obligation or restriction needing legal review,True,False,False,https://www.firstnations.org/grantmaking/,1,False,False,False,False
REVIEW-FTA-TRIBAL-GOVERNMENTS-HUB-5025A2,FTA-TRIBAL-GOVERNMENTS-HUB-5025A2,FTA Tribal Governments hub,terms_review_required,pending,terms carry an obligation or restriction needing legal review,True,False,False,https://www.transit.dot.gov/funding/tribal-governments,1,False,False,False,False
REVIEW-FTA-TRIBAL-TRANSIT-COMPETITI-6A8E78,FTA-TRIBAL-TRANSIT-COMPETITI-6A8E78,FTA Tribal Transit Competitive Program (5311(c)(1)(A)),terms_review_required,pending,terms carry an obligation or restriction needing legal review,True,False,False,https://www.transit.dot.gov/tribal-transit,1,False,False,False,False
REVIEW-FTA-TRIBAL-TRANSIT-FORMULA-P-5B93C7,FTA-TRIBAL-TRANSIT-FORMULA-P-5B93C7,FTA Tribal Transit Formula Program (5311(c)(1)(B)),terms_review_required,pending,terms carry an obligation or restriction needing legal review,True,False,False,https://www.transit.dot.gov/funding/grants/tribal-transit-formula-grants-5311c1b,1,False,False,False,False
REVIEW-GRANTS-GOV-FETCHOPPORTUNITY-33AA88,GRANTS-GOV-FETCHOPPORTUNITY-33AA88,Grants.gov fetchOpportunity API,terms_review_required,pending,terms carry an obligation or restriction needing legal review,True,False,False,https://api.grants.gov/v1/api/fetchOpportunity,1,False,False,False,False
REVIEW-GRANTS-GOV-SAVED-SEARCH-EMAI-324B7D,GRANTS-GOV-SAVED-SEARCH-EMAI-324B7D,Grants.gov saved-search email alerts,terms_review_required,pending,terms carry an obligation or restriction needing legal review,True,False,False,https://www.grants.gov/search-grants,1,False,False,False,False
REVIEW-GRANTS-GOV-SEARCH2-API-2C1391,GRANTS-GOV-SEARCH2-API-2C1391,Grants.gov Search2 API,terms_review_required,pending,terms carry an obligation or restriction needing legal review,True,False,False,https://api.grants.gov/v1/api/search2,1,False,False,False,False
REVIEW-GRANTS-GOV-SEARCH2-REST-API-D3C9B4,GRANTS-GOV-SEARCH2-REST-API-D3C9B4,Grants.gov Search2 REST API,terms_review_required,pending,terms carry an obligation or restriction needing legal review,True,False,False,https://api.grants.gov/v1/api/search2,1,False,False,False,False
REVIEW-GRANTS-GOV-SIMPLER-GRANTS-GO-F58A17,GRANTS-GOV-SIMPLER-GRANTS-GO-F58A17,Grants.gov / Simpler.Grants.gov,terms_review_required,pending,terms carry an obligation or restriction needing legal review,True,False,False,https://www.grants.gov,1,False,False,False,False
REVIEW-HAZARD-MITIGATION-GRANT-PROG-FD574C,HAZARD-MITIGATION-GRANT-PROG-FD574C,Hazard Mitigation Grant Program (HMGP),terms_review_required,pending,terms carry an obligation or restriction needing legal review,True,False,False,https://www.fema.gov/grants/mitigation/hazard-mitigation,1,False,False,False,False
REVIEW-HHS-HRSA,HHS-HRSA,HRSA Find Funding,terms_review_required,pending,terms carry an obligation or restriction needing legal review,True,False,False,https://www.hrsa.gov/grants/find-funding,1,False,False,False,False
REVIEW-HUD-IHBG-COMPETITIVE-IHBG-CO-AB76ED,HUD-IHBG-COMPETITIVE-IHBG-CO-AB76ED,HUD IHBG-Competitive (IHBG-COMP),terms_review_required,pending,terms carry an obligation or restriction needing legal review,True,False,False,https://www.hud.gov/helping-americans/public-indian-housing-ihbg-cgp,1,False,False,False,False
REVIEW-HUD-INDIAN-COMMUNITY-DEVELOP-905C41,HUD-INDIAN-COMMUNITY-DEVELOP-905C41,HUD Indian Community Development Block Grant (ICDBG),terms_review_required,pending,terms carry an obligation or restriction needing legal review,True,False,False,https://www.hud.gov/helping-americans/public-indian-housing-grants-icdbg,1,False,False,False,False
REVIEW-HUD-INDIAN-HOUSING-BLOCK-GRA-9A8B5E,HUD-INDIAN-HOUSING-BLOCK-GRA-9A8B5E,HUD Indian Housing Block Grant (IHBG),terms_review_required,pending,terms carry an obligation or restriction needing legal review,True,False,False,https://www.hud.gov/helping-americans/public-indian-housing-ihbg,1,False,False,False,False
REVIEW-HUD-ONAP-CODETALK-HUB-5CA7C5,HUD-ONAP-CODETALK-HUB-5CA7C5,HUD ONAP Codetalk Hub,terms_review_required,pending,terms carry an obligation or restriction needing legal review,True,False,False,https://www.hud.gov/codetalk,1,False,False,False,False
REVIEW-HUD-ONAP-DEAR-TRIBAL-LEADER-162C81,HUD-ONAP-DEAR-TRIBAL-LEADER-162C81,HUD ONAP Dear Tribal Leader Letters,terms_review_required,pending,terms carry an obligation or restriction needing legal review,True,False,False,https://www.hud.gov/helping-americans/public-indian-housing-tribal-letters,1,False,False,False,False
REVIEW-NAT-ATC,NAT-ATC,Access to Capital Clearinghouse,terms_review_required,pending,terms carry an obligation or restriction needing legal review,True,False,False,https://www.bia.gov/atc,1,False,False,False,False
REVIEW-NATIVE-AMERICANS-IN-PHILANTH-34379B,NATIVE-AMERICANS-IN-PHILANTH-34379B,Native Americans in Philanthropy Grantwatch,terms_review_required,pending,terms carry an obligation or restriction needing legal review,True,False,False,https://nativephilanthropy.org/grants,1,False,False,False,False
REVIEW-NSF-FUNDING,NSF-FUNDING,NSF Funding Opportunities,terms_review_required,pending,terms carry an obligation or restriction needing legal review,True,False,False,https://www.nsf.gov/funding,1,False,False,False,False
REVIEW-NSF-PROGRAM-ANNOUNCEMENTS-RS-2B3EFD,NSF-PROGRAM-ANNOUNCEMENTS-RS-2B3EFD,NSF Program Announcements RSS,terms_review_required,pending,terms carry an obligation or restriction needing legal review,True,False,False,https://www.nsf.gov/rss/rss_www_funding_pgm_annc_inf.xml,1,False,False,False,False
REVIEW-SAM-CREDENTIAL-ROLE,SAM-CREDENTIAL-ROLE,SAM.gov API key and role approval,credential_and_role_required,pending,"scraping is prohibited; API key required and a SAM role is needed to move from 10 to 1,000 requests per day",True,False,True,https://sam.gov/profile/details,1,False,False,False,False
REVIEW-SAM-GOV-ASSISTANCE-LISTINGS-4DBA70,SAM-GOV-ASSISTANCE-LISTINGS-4DBA70,SAM.gov Assistance Listings API,terms_review_required,pending,terms carry an obligation or restriction needing legal review,True,False,False,https://api.sam.gov/assistance-listings/v1/search,1,False,False,False,False
REVIEW-SAM-GOV-ASSISTANCE-LISTINGS-BA260C,SAM-GOV-ASSISTANCE-LISTINGS-BA260C,SAM.gov Assistance Listings and bulk data,terms_review_required,pending,terms carry an obligation or restriction needing legal review,True,False,False,https://sam.gov/content/assistance-listings,1,False,False,False,False
REVIEW-SC-ABSENCE-OF-A-CENTRAL-GRAN-772EF9,SC-ABSENCE-OF-A-CENTRAL-GRAN-772EF9,SC absence of a central grants portal,human_review_only,pending,terms permit human access only; automation is not available,True,True,False,https://www.sc.gov,1,False,False,False,False
REVIEW-SC-HOUSING-CHDO-CERTIFICATIO-C55EDF,SC-HOUSING-CHDO-CERTIFICATIO-C55EDF,SC Housing CHDO Certification,terms_review_required,pending,terms carry an obligation or restriction needing legal review,True,False,False,https://schousing.sc.gov/development/community-housing-development-organizations,1,False,False,False,False
REVIEW-SCEMD-MITIGATION-HMGP-56206E,SCEMD-MITIGATION-HMGP-56206E,SCEMD Mitigation / HMGP,terms_review_required,pending,terms carry an obligation or restriction needing legal review,True,False,False,https://www.scemd.org/recover/mitigation,1,False,False,False,False
REVIEW-SCRA-TECH-CATALYST-FUND-72514E,SCRA-TECH-CATALYST-FUND-72514E,SCRA Tech Catalyst Fund,terms_review_required,pending,terms carry an obligation or restriction needing legal review,True,False,False,https://scra.org/get-to-know/tech-catalyst-fund/,1,False,False,False,False
REVIEW-SIMPLER-GRANTS-GOV-API-485D8E,SIMPLER-GRANTS-GOV-API-485D8E,Simpler.Grants.gov API,terms_review_required,pending,terms carry an obligation or restriction needing legal review,True,False,False,https://api.simpler.grants.gov,1,False,False,False,False
REVIEW-SIMPLER-GRANTS-GOV-EXTRACTS-92CF68,SIMPLER-GRANTS-GOV-EXTRACTS-92CF68,Simpler.Grants.gov Extracts,terms_review_required,pending,terms carry an obligation or restriction needing legal review,True,False,False,https://api.simpler.grants.gov/v1/extracts,1,False,False,False,False
REVIEW-SPA-TERMS-GRANTS-GOV,SPA-TERMS-GRANTS-GOV,Grants.gov site terms,terms_text_unretrievable,pending,terms page is client-rendered and served no policy text; 'no terms found' is not 'no terms exist',True,True,False,https://www.grants.gov/,1,False,False,False,False
REVIEW-SPA-TERMS-REGULATIONS-GOV,SPA-TERMS-REGULATIONS-GOV,Regulations.gov terms and user notice,terms_text_unretrievable,pending,terms page is client-rendered and served no policy text; 'no terms found' is not 'no terms exist',True,True,False,https://www.regulations.gov/,1,False,False,False,False
REVIEW-SPA-TERMS-REPORTER-NIH,SPA-TERMS-REPORTER-NIH,NIH RePORTER terms of use,terms_text_unretrievable,pending,terms page is client-rendered and served no policy text; 'no terms found' is not 'no terms exist',True,True,False,https://reporter.nih.gov/,1,False,False,False,False
REVIEW-SPA-TERMS-USASPENDING,SPA-TERMS-USASPENDING,USAspending.gov about/terms,terms_text_unretrievable,pending,terms page is client-rendered and served no policy text; 'no terms found' is not 'no terms exist',True,True,False,https://www.usaspending.gov/,1,False,False,False,False
REVIEW-USDA-FNA-FDPIR-SELF-DETERMIN-69D5C6,USDA-FNA-FDPIR-SELF-DETERMIN-69D5C6,USDA FNA FDPIR Self-Determination Demonstration Project,terms_review_required,pending,terms carry an obligation or restriction needing legal review,True,False,False,https://www.fna.usda.gov/fdpir/self-determination,1,False,False,False,False
REVIEW-USDA-FNA-FORMERLY-FNS-FDPIR-9B6D21,USDA-FNA-FORMERLY-FNS-FDPIR-9B6D21,USDA FNA (formerly FNS) FDPIR,terms_review_required,pending,terms carry an obligation or restriction needing legal review,True,False,False,https://www.fna.usda.gov/fdpir,1,False,False,False,False
REVIEW-USDA-FNA-RSS-FEEDS-8-FEEDS-I-89D82C,USDA-FNA-RSS-FEEDS-8-FEEDS-I-89D82C,USDA FNA RSS Feeds (8 feeds incl. FDPIR policy memos),terms_review_required,pending,terms carry an obligation or restriction needing legal review,True,False,False,https://www.fna.usda.gov/rss-feeds,1,False,False,False,False
REVIEW-USDA-NIFA-NOFO-LIST-RFA-LIST-0689AF,USDA-NIFA-NOFO-LIST-RFA-LIST-0689AF,USDA NIFA NOFO List (RFA List),terms_review_required,pending,terms carry an obligation or restriction needing legal review,True,False,False,https://www.nifa.usda.gov/rfa-list,1,False,False,False,False
REVIEW-USDA-NIFA-RFA-LIST-201A26,USDA-NIFA-RFA-LIST-201A26,USDA NIFA RFA List,terms_review_required,pending,terms carry an obligation or restriction needing legal review,True,False,False,https://www.nifa.usda.gov/grants/request-for-application-list-rfa,1,False,False,False,False
REVIEW-USDA-NIFA-TRIBAL-COLLEGES-RE-DEB1E1,USDA-NIFA-TRIBAL-COLLEGES-RE-DEB1E1,USDA NIFA Tribal Colleges Research Grants Program (TCRGP),terms_review_required,pending,terms carry an obligation or restriction needing legal review,True,False,False,https://www.nifa.usda.gov/grants/funding-opportunities/tribal-colleges-research-grants-program,1,False,False,False,False
REVIEW-USDA-NIFA-TRIBAL-PROGRAMS-8F4CAD,USDA-NIFA-TRIBAL-PROGRAMS-8F4CAD,USDA NIFA Tribal Programs,terms_review_required,pending,terms carry an obligation or restriction needing legal review,True,False,False,https://www.nifa.usda.gov/grants/programs/nifa-tribal-programs,1,False,False,False,False
REVIEW-USDA-NIFA-TRIBAL-PROGRAMS-HU-43CE05,USDA-NIFA-TRIBAL-PROGRAMS-HU-43CE05,USDA NIFA Tribal Programs Hub,terms_review_required,pending,terms carry an obligation or restriction needing legal review,True,False,False,https://www.nifa.usda.gov/grants/programs/nifa-tribal-programs,1,False,False,False,False
REVIEW-USDA-RD-ALL-PROGRAMS-DIRECTO-43D843,USDA-RD-ALL-PROGRAMS-DIRECTO-43D843,USDA RD All Programs Directory,terms_review_required,pending,terms carry an obligation or restriction needing legal review,True,False,False,https://www.rd.usda.gov/programs-services/all-programs,1,False,False,False,False
REVIEW-USDA-RD-FEDERAL-FUNDING-OPPO-9761D9,USDA-RD-FEDERAL-FUNDING-OPPO-9761D9,USDA RD Federal Funding Opportunities,terms_review_required,pending,terms carry an obligation or restriction needing legal review,True,False,False,https://www.rd.usda.gov/newsroom/federal-funding-opportunities,1,False,False,False,False
REVIEW-USDA-RD-TRIBAL-GOVDELIVERY-T-B85B07,USDA-RD-TRIBAL-GOVDELIVERY-T-B85B07,USDA RD Tribal GovDelivery (Tribal Updates),human_review_only,pending,terms permit human access only; automation is not available,True,True,False,https://public.govdelivery.com/accounts/USDARD/subscriber/new?category_id=USDARD_C148,1,False,False,False,False
REVIEW-USDA-RD-TRIBAL-RELATIONS-E1F93D,USDA-RD-TRIBAL-RELATIONS-E1F93D,USDA RD Tribal Relations,terms_review_required,pending,terms carry an obligation or restriction needing legal review,True,False,False,https://www.rd.usda.gov/about-rd/tribal-relations,1,False,False,False,False
REVIEW-AMERICAN-INDIAN-COLLEGE-FUND-06CAB1,AMERICAN-INDIAN-COLLEGE-FUND-06CAB1,American Indian College Fund,terms_review_required,pending,terms carry an obligation or restriction needing legal review,True,False,False,https://collegefund.org/students/scholarships,2,False,False,False,False
REVIEW-BIA-ACCESS-TO-CAPITAL-CLEARI-84B5EF,BIA-ACCESS-TO-CAPITAL-CLEARI-84B5EF,BIA Access to Capital Clearinghouse (cross-agency lead),terms_review_required,pending,terms carry an obligation or restriction needing legal review,True,False,False,https://www.bia.gov/atc,2,False,False,False,False
REVIEW-CDC-ATSDR-TRIBAL-ADVISORY-CO-81690E,CDC-ATSDR-TRIBAL-ADVISORY-CO-81690E,CDC/ATSDR Tribal Advisory Committee,terms_review_required,pending,terms carry an obligation or restriction needing legal review,True,False,False,https://www.cdc.gov/tribal-health/advisory/index.html,2,False,False,False,False
REVIEW-CDC-HEALTHY-TRIBES-C6B4C6,CDC-HEALTHY-TRIBES-C6B4C6,CDC Healthy Tribes,terms_review_required,pending,terms carry an obligation or restriction needing legal review,True,False,False,https://www.cdc.gov/healthy-tribes/about/index.html,2,False,False,False,False
REVIEW-CDC-TRIBAL-HEALTH-PROGRAMS-23E223,CDC-TRIBAL-HEALTH-PROGRAMS-23E223,CDC tribal health programs,terms_review_required,pending,terms carry an obligation or restriction needing legal review,True,False,False,https://www.cdc.gov/healthy-tribes/about/index.html,2,False,False,False,False
REVIEW-CLEAN-WATER-INDIAN-SET-ASIDE-628155,CLEAN-WATER-INDIAN-SET-ASIDE-628155,Clean Water Indian Set-Aside (CWISA),terms_review_required,pending,terms carry an obligation or restriction needing legal review,True,False,False,https://www.epa.gov/small-and-rural-wastewater-systems/clean-water-indian-set-aside-program,2,False,False,False,False
REVIEW-DOI-BIE,DOI-BIE,Bureau of Indian Education,terms_review_required,pending,terms carry an obligation or restriction needing legal review,True,False,False,https://www.bie.edu/topic-page/grants,2,False,False,False,False
REVIEW-DOJ-GOVDELIVERY-EMAIL-BULLET-7ABC99,DOJ-GOVDELIVERY-EMAIL-BULLET-7ABC99,DOJ GovDelivery email bulletins,human_review_only,pending,terms permit human access only; automation is not available,True,True,False,https://public.govdelivery.com/accounts/USDOJ/subscriber/new,2,False,False,False,False
REVIEW-DOJ-TRIBAL-ACCESS-PROGRAM-TA-E075AC,DOJ-TRIBAL-ACCESS-PROGRAM-TA-E075AC,DOJ Tribal Access Program (TAP),terms_review_required,pending,terms carry an obligation or restriction needing legal review,True,False,False,https://www.justice.gov/tribal/tribal-access-program-tap,2,False,False,False,False
REVIEW-DOT-PROGRAMS-WITH-UNVERIFIED-384004,DOT-PROGRAMS-WITH-UNVERIFIED-384004,"DOT programs with unverified tribal terms (RAISE, Bridge Investment, Rural Surface Transportation, PROTECT, FAA AIP, Thriving Communities, state HSIP pass-through)",human_review_only,pending,terms permit human access only; automation is not available,True,True,False,https://www.transportation.gov/grants,2,False,False,False,False
REVIEW-EPA-BROWNFIELDS-GRANTS-AND-F-644929,EPA-BROWNFIELDS-GRANTS-AND-F-644929,EPA Brownfields Grants and Funding,terms_review_required,pending,terms carry an obligation or restriction needing legal review,True,False,False,https://www.epa.gov/brownfields/grants-and-funding,2,False,False,False,False
REVIEW-FED-USA,FED-USA,USAspending,terms_review_required,pending,terms carry an obligation or restriction needing legal review,True,False,False,https://api.usaspending.gov/,2,False,False,False,False
REVIEW-FEMA-OPENFEMA-API-395C7C,FEMA-OPENFEMA-API-395C7C,FEMA OpenFEMA API,terms_review_required,pending,terms carry an obligation or restriction needing legal review,True,False,False,https://www.fema.gov/api/open/v2,2,False,False,False,False
REVIEW-HUD-EXCHANGE-MAILING-LIST-068F1D,HUD-EXCHANGE-MAILING-LIST-068F1D,HUD Exchange Mailing List,human_review_only,pending,terms permit human access only; automation is not available,True,True,False,https://www.hudexchange.info/mailinglist/,2,False,False,False,False
REVIEW-HUD-EXCHANGE-NEWS-DAFB2D,HUD-EXCHANGE-NEWS-DAFB2D,HUD Exchange News,terms_review_required,pending,terms carry an obligation or restriction needing legal review,True,False,False,https://www.hudexchange.info/news/,2,False,False,False,False
REVIEW-HUD-EXCHANGE-PROGRAM-INDEX-A-4C60C5,HUD-EXCHANGE-PROGRAM-INDEX-A-4C60C5,HUD Exchange Program Index (A-Z),terms_review_required,pending,terms carry an obligation or restriction needing legal review,True,False,False,https://www.hudexchange.info/programs/,2,False,False,False,False
REVIEW-HUD-EXCHANGE-PROGRAM-SUPPORT-628324,HUD-EXCHANGE-PROGRAM-SUPPORT-628324,HUD Exchange Program Support / Community Compass TA,terms_review_required,pending,terms carry an obligation or restriction needing legal review,True,False,False,https://www.hudexchange.info/program-support/,2,False,False,False,False
REVIEW-HUD-EXCHANGE-TRIBAL-HOUSING-534C1A,HUD-EXCHANGE-TRIBAL-HOUSING-534C1A,HUD Exchange - Tribal Housing Priority Page,terms_review_required,pending,terms carry an obligation or restriction needing legal review,True,False,False,https://www.hudexchange.info/programs/priority-tribal/,2,False,False,False,False
REVIEW-HUD-IHBG-FORMULA-IHBGFORMULA-AAD744,HUD-IHBG-FORMULA-IHBGFORMULA-AAD744,HUD IHBG Formula / ihbgformula.com,terms_review_required,pending,terms carry an obligation or restriction needing legal review,True,False,False,https://ihbgformula.com/fy2027/,2,False,False,False,False
REVIEW-HUD-NATIVE-HAWAIIAN-PROGRAMS-830D0B,HUD-NATIVE-HAWAIIAN-PROGRAMS-830D0B,HUD Native Hawaiian Programs (incl. NHHBG),terms_review_required,pending,terms carry an obligation or restriction needing legal review,True,False,False,https://www.hud.gov/helping-americans/public-indian-native-hawaiian-housing,2,False,False,False,False
REVIEW-HUD-ONAP-NOTICES-PIH-NATIVE-B47208,HUD-ONAP-NOTICES-PIH-NATIVE-B47208,HUD ONAP Notices (PIH - Native American Programs),terms_review_required,pending,terms carry an obligation or restriction needing legal review,True,False,False,https://www.hud.gov/hudclips/notices/pih-native-american-programs,2,False,False,False,False
REVIEW-HUD-TRIBAL-HUD-VASH-572F23,HUD-TRIBAL-HUD-VASH-572F23,HUD Tribal HUD-VASH,terms_review_required,pending,terms carry an obligation or restriction needing legal review,True,False,False,https://www.hud.gov/helping-americans/public-indian-housing-tribal-hud-vash,2,False,False,False,False
REVIEW-IHS-LISTSERV-EMAIL-GROUPS-70F349,IHS-LISTSERV-EMAIL-GROUPS-70F349,IHS LISTSERV email groups,human_review_only,pending,terms permit human access only; automation is not available,True,True,False,https://www.ihs.gov/listserv/,2,False,False,False,False
REVIEW-NASA-NSPIRES,NASA-NSPIRES,NSPIRES,terms_review_required,pending,terms carry an obligation or restriction needing legal review,True,False,False,https://nspires.nasaprs.com/,2,False,False,False,False
REVIEW-NIH-REPORTER,NIH-REPORTER,NIH RePORTER,terms_review_required,pending,terms carry an obligation or restriction needing legal review,True,False,False,https://api.reporter.nih.gov/,2,False,False,False,False
REVIEW-NIH-REPORTER-API-E82D6A,NIH-REPORTER-API-E82D6A,NIH RePORTER API,terms_review_required,pending,terms carry an obligation or restriction needing legal review,True,False,False,https://api.reporter.nih.gov,2,False,False,False,False
REVIEW-NPS-HPF-GRANTS-EMAIL-BULLETI-12A869,NPS-HPF-GRANTS-EMAIL-BULLETI-12A869,NPS HPF grants email bulletin,human_review_only,pending,terms permit human access only; automation is not available,True,True,False,https://www.nps.gov/subjects/historicpreservationfund/bulletin-update.htm,2,False,False,False,False
REVIEW-NSF-UPCOMING-DUE-DATES-RSS-59C55A,NSF-UPCOMING-DUE-DATES-RSS-59C55A,NSF Upcoming Due Dates RSS,terms_review_required,pending,terms carry an obligation or restriction needing legal review,True,False,False,https://www.nsf.gov/rss/rss_www_funding_upcoming.xml,2,False,False,False,False
REVIEW-POTLATCH-FUND-48BDCA,POTLATCH-FUND-48BDCA,Potlatch Fund,terms_review_required,pending,terms carry an obligation or restriction needing legal review,True,False,False,https://www.potlatchfund.org/grants,2,False,False,False,False
REVIEW-REGULATIONS-GOV-API-V4-EC2949,REGULATIONS-GOV-API-V4-EC2949,Regulations.gov API v4,terms_review_required,pending,terms carry an obligation or restriction needing legal review,True,False,False,https://open.gsa.gov/api/regulationsgov/,2,False,False,False,False
REVIEW-SAFE-STREETS-AND-ROADS-FOR-A-A7DBA0,SAFE-STREETS-AND-ROADS-FOR-A-A7DBA0,Safe Streets and Roads for All (SS4A),terms_review_required,pending,terms carry an obligation or restriction needing legal review,True,False,False,https://www.transportation.gov/grants/SS4A,2,False,False,False,False
REVIEW-SBA-8-A-BUSINESS-DEVELOPMENT-4A0E16,SBA-8-A-BUSINESS-DEVELOPMENT-4A0E16,SBA 8(a) Business Development Program,terms_review_required,pending,terms carry an obligation or restriction needing legal review,True,False,False,https://www.sba.gov/certifications/,2,False,False,False,False
REVIEW-SC-ATTORNEY-GENERAL-CRIME-VI-6C989A,SC-ATTORNEY-GENERAL-CRIME-VI-6C989A,SC Attorney General Crime Victim Services Division,terms_review_required,pending,terms carry an obligation or restriction needing legal review,True,False,False,https://www.scag.gov/inside-the-office/crime-victim-services-division/,2,False,False,False,False
REVIEW-SC-BROADBAND-GRANT-NOTIFICAT-F56BC2,SC-BROADBAND-GRANT-NOTIFICAT-F56BC2,SC Broadband Grant Notifications list,human_review_only,pending,terms permit human access only; automation is not available,True,True,False,https://survey123.arcgis.com/share/1dfc50d7a5a64e709b4b55d5b38183b9,2,False,False,False,False
REVIEW-SC-DEPARTMENT-OF-NATURAL-RES-7A9BC2,SC-DEPARTMENT-OF-NATURAL-RES-7A9BC2,SC Department of Natural Resources Flood Mitigation Assistance,human_review_only,pending,terms permit human access only; automation is not available,True,True,False,https://www.dnr.sc.gov/water/flood/mitgrants.html,2,False,False,False,False
REVIEW-SC-DEPARTMENT-OF-PUBLIC-HEAL-8DADC1,SC-DEPARTMENT-OF-PUBLIC-HEAL-8DADC1,SC Department of Public Health grants and subawards,human_review_only,pending,terms permit human access only; automation is not available,True,True,False,https://dph.sc.gov/,2,False,False,False,False
REVIEW-SC-DEPARTMENT-OF-PUBLIC-SAFE-D82212,SC-DEPARTMENT-OF-PUBLIC-SAFE-D82212,SC Department of Public Safety Office of Highway Safety and Justice Programs,terms_review_required,pending,terms carry an obligation or restriction needing legal review,True,False,False,https://scdps.sc.gov/ohsjp,2,False,False,False,False
REVIEW-SC-DES-SECTION-319-NONPOINT-1174F0,SC-DES-SECTION-319-NONPOINT-1174F0,SC DES Section 319 Nonpoint Source and SRF,human_review_only,pending,terms permit human access only; automation is not available,True,True,False,https://des.sc.gov/programs/bureau-water/state-revolving-fund-srf-program,2,False,False,False,False
REVIEW-SC-OPIOID-RECOVERY-FUND-BOAR-245B6F,SC-OPIOID-RECOVERY-FUND-BOAR-245B6F,SC Opioid Recovery Fund Board,terms_review_required,pending,terms carry an obligation or restriction needing legal review,True,False,False,https://scorf.sc.gov/,2,False,False,False,False
REVIEW-SCDES-DAM-REPAIR-ASSISTANCE-AC197D,SCDES-DAM-REPAIR-ASSISTANCE-AC197D,SCDES Dam Repair Assistance Grant,human_review_only,pending,terms permit human access only; automation is not available,True,True,False,https://des.sc.gov/,2,False,False,False,False
REVIEW-USDA-FNA-FUNDING-GRANTS-INDE-AEC1F6,USDA-FNA-FUNDING-GRANTS-INDE-AEC1F6,USDA FNA Funding / Grants Index,terms_review_required,pending,terms carry an obligation or restriction needing legal review,True,False,False,https://www.fna.usda.gov/grants,2,False,False,False,False
REVIEW-USDA-NIFA-FEDERALLY-RECOGNIZ-E11F8B,USDA-NIFA-FEDERALLY-RECOGNIZ-E11F8B,USDA NIFA Federally-Recognized Tribes Extension Program (FRTEP),terms_review_required,pending,terms carry an obligation or restriction needing legal review,True,False,False,https://www.nifa.usda.gov/grants/programs/federally-recognized-tribes-extension-program-frtep,2,False,False,False,False
REVIEW-USDA-NIFA-NEW-BEGINNING-FOR-A30EDF,USDA-NIFA-NEW-BEGINNING-FOR-A30EDF,USDA NIFA New Beginning for Tribal Students (NBTS),terms_review_required,pending,terms carry an obligation or restriction needing legal review,True,False,False,https://www.nifa.usda.gov/grants/funding-opportunities/new-beginning-tribal-students-program,2,False,False,False,False
REVIEW-USDA-NIFA-TRIBAL-COLLEGES-ED-8A43AF,USDA-NIFA-TRIBAL-COLLEGES-ED-8A43AF,USDA NIFA Tribal Colleges Education Equity Grants (TCEG),terms_review_required,pending,terms carry an obligation or restriction needing legal review,True,False,False,https://www.nifa.usda.gov/grants/programs/tribal-colleges-equity-grants-program-tceg,2,False,False,False,False
REVIEW-USDA-NIFA-TRIBAL-COLLEGES-EX-21FB2B,USDA-NIFA-TRIBAL-COLLEGES-EX-21FB2B,USDA NIFA Tribal Colleges Extension Program (TCEP-CA and TCEP-SE),terms_review_required,pending,terms carry an obligation or restriction needing legal review,True,False,False,https://www.nifa.usda.gov/grants/programs/tribal-colleges-extension-program-capacity-applications-tcep-ca,2,False,False,False,False
REVIEW-USDA-OFFICE-OF-TRIBAL-RELATI-CECF64,USDA-OFFICE-OF-TRIBAL-RELATI-CECF64,USDA Office of Tribal Relations,terms_review_required,pending,terms carry an obligation or restriction needing legal review,True,False,False,https://www.usda.gov/about-usda/general-information/staff-offices/office-tribal-relations,2,False,False,False,False
REVIEW-USDA-RD-DISTANCE-LEARNING-TE-93354E,USDA-RD-DISTANCE-LEARNING-TE-93354E,USDA RD Distance Learning & Telemedicine (DLT),terms_review_required,pending,terms carry an obligation or restriction needing legal review,True,False,False,https://www.rd.usda.gov/programs-services/telecommunications-programs/distance-learning-telemedicine-grants,2,False,False,False,False
REVIEW-USDA-RD-GRANTS-FOR-RURAL-AND-C4576C,USDA-RD-GRANTS-FOR-RURAL-AND-C4576C,USDA RD Grants for Rural and Native Alaskan Villages,terms_review_required,pending,terms carry an obligation or restriction needing legal review,True,False,False,https://www.rd.usda.gov/programs-services/water-environmental-programs/grants-rural-and-native-alaskan-villages,2,False,False,False,False
REVIEW-USDA-RD-NATIVE-CDFI-RELENDIN-13D91B,USDA-RD-NATIVE-CDFI-RELENDIN-13D91B,USDA RD Native CDFI Relending Demonstration Program,terms_review_required,pending,terms carry an obligation or restriction needing legal review,True,False,False,https://www.rd.usda.gov/programs-services/single-family-housing-programs/native-community-development-financial-institution-relending-demonstration-program,2,False,False,False,False
REVIEW-USDA-RD-RECONNECT-PROGRAM-4E55AA,USDA-RD-RECONNECT-PROGRAM-4E55AA,USDA RD ReConnect Program,terms_review_required,pending,terms carry an obligation or restriction needing legal review,True,False,False,https://www.usda.gov/reconnect,2,False,False,False,False
REVIEW-USDA-RD-RURAL-BUSINESS-DEVEL-B448DB,USDA-RD-RURAL-BUSINESS-DEVEL-B448DB,USDA RD Rural Business Development Grants (RBDG),terms_review_required,pending,terms carry an obligation or restriction needing legal review,True,False,False,https://www.rd.usda.gov/programs-services/business-programs/rural-business-development-grants,2,False,False,False,False
REVIEW-USDA-RD-RURAL-COMMUNITY-DEVE-3C5301,USDA-RD-RURAL-COMMUNITY-DEVE-3C5301,USDA RD Rural Community Development Initiative (RCDI),terms_review_required,pending,terms carry an obligation or restriction needing legal review,True,False,False,https://www.rd.usda.gov/programs-services/community-facilities/rural-community-development-initiative-grants,2,False,False,False,False
REVIEW-USDA-RD-SITE-WIDE-RSS-FEED-17C90C,USDA-RD-SITE-WIDE-RSS-FEED-17C90C,USDA RD Site-wide RSS Feed,terms_review_required,pending,terms carry an obligation or restriction needing legal review,True,False,False,https://www.rd.usda.gov/rss.xml,2,False,False,False,False
REVIEW-USDA-RD-SUBSTANTIALLY-UNDERS-8A06DB,USDA-RD-SUBSTANTIALLY-UNDERS-8A06DB,USDA RD Substantially Underserved Trust Area (SUTA),terms_review_required,pending,terms carry an obligation or restriction needing legal review,True,False,False,https://www.rd.usda.gov/about-rd/initiatives/substantially-underserved-trust-area-suta,2,False,False,False,False
REVIEW-USDA-RD-TRIBAL-COLLEGE-INITI-3AFA02,USDA-RD-TRIBAL-COLLEGE-INITI-3AFA02,USDA RD Tribal College Initiative Grants,terms_review_required,pending,terms carry an obligation or restriction needing legal review,True,False,False,https://www.rd.usda.gov/programs-services/community-facilities/tribal-college-initiative-grants,2,False,False,False,False
REVIEW-USDA-RD-WATER-WASTE-LOANS-GR-233E8E,USDA-RD-WATER-WASTE-LOANS-GR-233E8E,USDA RD Water & Waste Loans/Grants - Tribal Lands,terms_review_required,pending,terms carry an obligation or restriction needing legal review,True,False,False,https://www.rd.usda.gov/programs-services/water-environmental-programs/water-and-waste-facility-loans-and-grants-alleviate-health-risks-tribal-lands,2,False,False,False,False
REVIEW-ASSISTANCE-TO-FIREFIGHTERS-G-5EC54E,ASSISTANCE-TO-FIREFIGHTERS-G-5EC54E,Assistance to Firefighters Grants (AFG),human_review_only,pending,terms permit human access only; automation is not available,True,True,False,https://www.fema.gov/grants/preparedness/firefighters/assistance-grants,3,False,False,False,False
REVIEW-CENTRAL-CAROLINA-COMMUNITY-F-9B055A,CENTRAL-CAROLINA-COMMUNITY-F-9B055A,Central Carolina Community Foundation,terms_review_required,pending,terms carry an obligation or restriction needing legal review,True,False,False,https://www.yourfoundation.org/for-nonprofits/grant-opportunities/,3,False,False,False,False
REVIEW-COASTAL-COMMUNITY-FOUNDATION-A3C252,COASTAL-COMMUNITY-FOUNDATION-A3C252,Coastal Community Foundation of South Carolina,terms_review_required,pending,terms carry an obligation or restriction needing legal review,True,False,False,https://coastalcommunityfoundation.org/competitive-grants/,3,False,False,False,False
REVIEW-FEMA-GO-GRANTS-OUTCOMES-PORT-3B6FEC,FEMA-GO-GRANTS-OUTCOMES-PORT-3B6FEC,FEMA GO (Grants Outcomes) portal,human_review_only,pending,terms permit human access only; automation is not available,True,True,False,https://www.fema.gov/grants/guidance-tools/fema-go,3,False,False,False,False
REVIEW-HUD-GEMS-GRANTS-EVALUATION-A-F70DCC,HUD-GEMS-GRANTS-EVALUATION-A-F70DCC,HUD GEMS (Grants Evaluation and Management System),human_review_only,pending,terms permit human access only; automation is not available,True,True,False,https://www.hud.gov/helping-americans/public-indian-housing-gems,3,False,False,False,False
REVIEW-NAGPRA-GRANT-AWARDS-DATABASE-349011,NAGPRA-GRANT-AWARDS-DATABASE-349011,NAGPRA grant awards database,terms_review_required,pending,terms carry an obligation or restriction needing legal review,True,False,False,https://apps.cr.nps.gov/nagprapublic/home/grant,3,False,False,False,False
REVIEW-NATIVE-CDFI-NETWORK-47714C,NATIVE-CDFI-NETWORK-47714C,Native CDFI Network,human_review_only,pending,terms permit human access only; automation is not available,True,True,False,https://nativecdfi.net/,3,False,False,False,False
REVIEW-NEA-GRANTS-FOR-ARTS-PROJECTS-260391,NEA-GRANTS-FOR-ARTS-PROJECTS-260391,NEA Grants for Arts Projects,human_review_only,pending,terms permit human access only; automation is not available,True,True,False,https://www.arts.gov/grants/grants-for-arts-projects,3,False,False,False,False
REVIEW-NEA-NATIVE-ARTS-AND-CULTURE-51D1C6,NEA-NATIVE-ARTS-AND-CULTURE-51D1C6,NEA Native Arts and Culture Hub,terms_review_required,pending,terms carry an obligation or restriction needing legal review,True,False,False,https://www.arts.gov/impact/native-arts-and-culture,3,False,False,False,False
REVIEW-NEH-GRANTS-3B51BD,NEH-GRANTS-3B51BD,NEH Grants,human_review_only,pending,terms permit human access only; automation is not available,True,True,False,https://www.neh.gov/grants,3,False,False,False,False
REVIEW-NIH-REPORTER-API-V2-8C39C5,NIH-REPORTER-API-V2-8C39C5,NIH RePORTER API v2,terms_review_required,pending,terms carry an obligation or restriction needing legal review,True,False,False,https://api.reporter.nih.gov/v2/projects/search,3,False,False,False,False
REVIEW-NOAA-CLIMATE-PROGRAM-OFFICE-28DB4F,NOAA-CLIMATE-PROGRAM-OFFICE-28DB4F,NOAA Climate Program Office,terms_review_required,pending,terms carry an obligation or restriction needing legal review,True,False,False,https://cpo.noaa.gov/funding-opportunities,3,False,False,False,False
REVIEW-NSF-AWARD-API-66155B,NSF-AWARD-API-66155B,NSF Award API,terms_review_required,pending,terms carry an obligation or restriction needing legal review,True,False,False,https://api.nsf.gov/services/v1/awards.json,3,False,False,False,False
REVIEW-NTIA-FUNDING-PROGRAMS-INDEX-2423F5,NTIA-FUNDING-PROGRAMS-INDEX-2423F5,NTIA Funding Programs Index,terms_review_required,pending,terms carry an obligation or restriction needing legal review,True,False,False,https://www.ntia.gov/funding-programs,3,False,False,False,False
REVIEW-NTIA-TRIBAL-BROADBAND-CONNEC-9BAAC8,NTIA-TRIBAL-BROADBAND-CONNEC-9BAAC8,NTIA Tribal Broadband Connectivity Program (TBCP),human_review_only,pending,terms permit human access only; automation is not available,True,True,False,https://www.internetforall.gov/program/tribal-broadband-connectivity-program,3,False,False,False,False
REVIEW-PERKINS-CTE-TRIBAL-BIE-SET-A-6C68A1,PERKINS-CTE-TRIBAL-BIE-SET-A-6C68A1,Perkins CTE tribal / BIE set-aside,human_review_only,pending,terms permit human access only; automation is not available,True,True,False,https://cte.ed.gov,3,False,False,False,False
REVIEW-PRIV-FNT,PRIV-FNT,First Nations Development Institute Grants,human_review_only,pending,terms permit human access only; automation is not available,True,True,False,https://www.firstnations.org/grantmaking/,3,False,False,False,False
REVIEW-PRIV-NDN,PRIV-NDN,NDN Collective grantmaking,human_review_only,pending,terms permit human access only; automation is not available,True,True,False,https://ndncollective.org/grantmaking/,3,False,False,False,False
REVIEW-REGISTERED-APPRENTICESHIP-ET-2A3B6E,REGISTERED-APPRENTICESHIP-ET-2A3B6E,Registered Apprenticeship (ETA),human_review_only,pending,terms permit human access only; automation is not available,True,True,False,https://www.apprenticeship.gov,3,False,False,False,False
REVIEW-SAM-GOV-ENTITY-MANAGEMENT-AP-0BFE5E,SAM-GOV-ENTITY-MANAGEMENT-AP-0BFE5E,SAM.gov Entity Management API,terms_review_required,pending,terms carry an obligation or restriction needing legal review,True,False,False,https://open.gsa.gov/api/entity-api/,3,False,False,False,False
REVIEW-SAM-GOV-FEDERAL-HIERARCHY-PU-102D41,SAM-GOV-FEDERAL-HIERARCHY-PU-102D41,SAM.gov Federal Hierarchy Public API,terms_review_required,pending,terms carry an obligation or restriction needing legal review,True,False,False,https://open.gsa.gov/api/fh-public-api/,3,False,False,False,False
REVIEW-SC-ARTS-COMMISSION-GRANTS-6AF86B,SC-ARTS-COMMISSION-GRANTS-6AF86B,SC Arts Commission grants,terms_review_required,pending,terms carry an obligation or restriction needing legal review,True,False,False,https://www.southcarolinaarts.com/all-grants/,3,False,False,False,False
REVIEW-SC-CONSERVATION-BANK-41950D,SC-CONSERVATION-BANK-41950D,SC Conservation Bank,terms_review_required,pending,terms carry an obligation or restriction needing legal review,True,False,False,https://www.sccbank.sc.gov/,3,False,False,False,False
REVIEW-SC-DEPARTMENT-OF-INSURANCE-S-82AE60,SC-DEPARTMENT-OF-INSURANCE-S-82AE60,SC Department of Insurance SC Safe Home,human_review_only,pending,terms permit human access only; automation is not available,True,True,False,https://doi.sc.gov/,3,False,False,False,False
REVIEW-SC-OFFICE-OF-THE-STATE-AUDIT-EC9455,SC-OFFICE-OF-THE-STATE-AUDIT-EC9455,SC Office of the State Auditor,terms_review_required,pending,terms carry an obligation or restriction needing legal review,True,False,False,https://osa.sc.gov/,3,False,False,False,False
REVIEW-SC-STATE-CLEARINGHOUSE-INTER-EBF26A,SC-STATE-CLEARINGHOUSE-INTER-EBF26A,SC State Clearinghouse Intergovernmental Review,human_review_only,pending,terms permit human access only; automation is not available,True,True,False,https://www.admin.sc.gov/services/budget/state-clearinghouse-intergovernmental-review,3,False,False,False,False
REVIEW-STATE-WIOA-TITLE-I-PASS-THRO-AFEA36,STATE-WIOA-TITLE-I-PASS-THRO-AFEA36,State WIOA Title I pass-through (Adult / Youth / Dislocated Worker),human_review_only,pending,terms permit human access only; automation is not available,True,True,False,https://www.dol.gov/agencies/eta/wioa,3,False,False,False,False
REVIEW-USDA-RD-UNNUMBERED-LETTERS-D-C7E2ED,USDA-RD-UNNUMBERED-LETTERS-D-C7E2ED,USDA RD Unnumbered Letters / Directives,terms_review_required,pending,terms carry an obligation or restriction needing legal review,True,False,False,https://www.rd.usda.gov/resources/directives/unnumbered-letters,3,False,False,False,False
REVIEW-APEX-ACCELERATORS-EC80CE,APEX-ACCELERATORS-EC80CE,APEX Accelerators,human_review_only,pending,terms permit human access only; automation is not available,True,True,False,https://www.apexaccelerators.us/,4,False,False,False,False
REVIEW-BUILDING-RESILIENT-INFRASTRU-5525F1,BUILDING-RESILIENT-INFRASTRU-5525F1,Building Resilient Infrastructure and Communities (BRIC),human_review_only,pending,terms permit human access only; automation is not available,True,True,False,https://www.fema.gov/grants/mitigation/building-resilient-infrastructure-communities,4,False,False,False,False
REVIEW-CANDID-APIS-AND-FOUNDATION-D-2A3F6E,CANDID-APIS-AND-FOUNDATION-D-2A3F6E,Candid APIs and Foundation Directory,human_review_only,pending,terms permit human access only; automation is not available,True,True,False,https://candid.org/data/explore-apis/,4,False,False,False,False
REVIEW-CMS-TRIBAL-AFFAIRS-8AC2C9,CMS-TRIBAL-AFFAIRS-8AC2C9,CMS tribal affairs,human_review_only,pending,terms permit human access only; automation is not available,True,True,False,https://www.cms.gov/about-cms/agency-information/aian,4,False,False,False,False
REVIEW-COMMERCE-MBDA-NOAA-NATIVE-PR-4EDDDF,COMMERCE-MBDA-NOAA-NATIVE-PR-4EDDDF,Commerce MBDA + NOAA Native programs,human_review_only,pending,terms permit human access only; automation is not available,True,True,False,UNKNOWN - not verified,4,False,False,False,False
REVIEW-DOI-BUREAU-OF-TRUST-FUNDS-AD-BBF582,DOI-BUREAU-OF-TRUST-FUNDS-AD-BBF582,DOI Bureau of Trust Funds Administration,human_review_only,pending,terms permit human access only; automation is not available,True,True,False,https://www.bia.gov/btfa,4,False,False,False,False
REVIEW-DOJ-TRIBAL-FUNDING-DIRECTORY-BE8B52,DOJ-TRIBAL-FUNDING-DIRECTORY-BE8B52,DOJ Tribal Funding Directory,terms_review_required,pending,terms carry an obligation or restriction needing legal review,True,False,False,https://www.ojp.gov/tribal-funding-directory,4,False,False,False,False
REVIEW-DOJ-TRIBAL-JUSTICE-AND-SAFET-4F1E15,DOJ-TRIBAL-JUSTICE-AND-SAFET-4F1E15,DOJ Tribal Justice and Safety,terms_review_required,pending,terms carry an obligation or restriction needing legal review,True,False,False,https://www.justice.gov/tribal,4,False,False,False,False
REVIEW-DOT-RESOURCES-FOR-TRIBES-AND-B17823,DOT-RESOURCES-FOR-TRIBES-AND-B17823,DOT Resources for Tribes and Tribal Governments,human_review_only,pending,terms permit human access only; automation is not available,True,True,False,https://www.transportation.gov/tribal,4,False,False,False,False
REVIEW-ELECTRONIC-TRIBAL-TRANSPORTA-987047,ELECTRONIC-TRIBAL-TRANSPORTA-987047,Electronic Tribal Transportation Improvement Program (e-TTIP),human_review_only,pending,terms permit human access only; automation is not available,True,True,False,https://highways.dot.gov/federal-lands/federal-lands/tribal/electronic-tribal-transportation-improvement-program-e-ttip,4,False,False,False,False
REVIEW-EPA-ENVIRONMENTAL-JUSTICE-GR-0380CA,EPA-ENVIRONMENTAL-JUSTICE-GR-0380CA,EPA Environmental Justice grants,human_review_only,pending,terms permit human access only; automation is not available,True,True,False,https://www.epa.gov/environmentaljustice,4,False,False,False,False
REVIEW-EPA-TRIBAL-AIR-ANNOUNCEMENTS-979F65,EPA-TRIBAL-AIR-ANNOUNCEMENTS-979F65,EPA Tribal Air Announcements/Funding page,human_review_only,pending,terms permit human access only; automation is not available,True,True,False,https://www.epa.gov/tribal-air/tribal-air-announcements-training-funding-and-other-opportunities,4,False,False,False,False
REVIEW-FEMA-GRANTS-ROOT-8EBB51,FEMA-GRANTS-ROOT-8EBB51,FEMA Grants (root),human_review_only,pending,terms permit human access only; automation is not available,True,True,False,https://www.fema.gov/grants,4,False,False,False,False
REVIEW-FLOOD-MITIGATION-ASSISTANCE-AC5C7F,FLOOD-MITIGATION-ASSISTANCE-AC5C7F,Flood Mitigation Assistance (FMA),human_review_only,pending,terms permit human access only; automation is not available,True,True,False,https://www.fema.gov/grants/mitigation/floods,4,False,False,False,False
REVIEW-GRANTS-GOV-SYSTEM-TO-SYSTEM-AB3A7C,GRANTS-GOV-SYSTEM-TO-SYSTEM-AB3A7C,Grants.gov System-to-System (SOAP),human_review_only,pending,terms permit human access only; automation is not available,True,True,False,https://www.grants.gov/system-to-system,4,False,False,False,False
REVIEW-HHS-ANA-PROGRAMS-A641B0,HHS-ANA-PROGRAMS-A641B0,HHS ANA Programs,human_review_only,pending,terms permit human access only; automation is not available,True,True,False,https://www.acf.hhs.gov/ana/programs,4,False,False,False,False
REVIEW-HUD-DEAD-LEGACY-PATHS-NEGATI-F77A25,HUD-DEAD-LEGACY-PATHS-NEGATI-F77A25,HUD dead legacy paths (negative control),human_review_only,pending,terms permit human access only; automation is not available,True,True,False,https://www.hud.gov/program_offices/public_indian_housing/ih,4,False,False,False,False
REVIEW-HUD-ONAP-CODETALK-660255,HUD-ONAP-CODETALK-660255,HUD ONAP / Codetalk,human_review_only,pending,terms permit human access only; automation is not available,True,True,False,https://www.hud.gov/program_offices/public_indian_housing/ih,4,False,False,False,False
REVIEW-IHS-HEALTH-IT-MODERNIZATION-35151C,IHS-HEALTH-IT-MODERNIZATION-35151C,IHS Health IT Modernization Program,human_review_only,pending,terms permit human access only; automation is not available,True,True,False,https://www.ihs.gov/aboutihs/health-it-modernization-program/,4,False,False,False,False
REVIEW-MARGARET-A-CARGILL-PHILANTHR-C88CAA,MARGARET-A-CARGILL-PHILANTHR-C88CAA,Margaret A. Cargill Philanthropies,human_review_only,pending,terms permit human access only; automation is not available,True,True,False,https://www.macphilanthropies.org/,4,False,False,False,False
REVIEW-NASA-MUREP-1AA690,NASA-MUREP-1AA690,NASA MUREP,terms_review_required,pending,terms carry an obligation or restriction needing legal review,True,False,False,https://www.nasa.gov/learning-resources/minority-university-research-education-project/,4,False,False,False,False
REVIEW-NASA-NSPIRES-4CE005,NASA-NSPIRES-4CE005,NASA NSPIRES,human_review_only,pending,terms permit human access only; automation is not available,True,True,False,https://nspires.nasaprs.com/external/,4,False,False,False,False
REVIEW-NORTHWEST-AREA-FOUNDATION-C6FFBC,NORTHWEST-AREA-FOUNDATION-C6FFBC,Northwest Area Foundation,human_review_only,pending,terms permit human access only; automation is not available,True,True,False,https://www.nwaf.org/for-grantseekers/,4,False,False,False,False
REVIEW-NSF-EPSCOR-581817,NSF-EPSCOR-581817,NSF EPSCoR,terms_review_required,pending,terms carry an obligation or restriction needing legal review,True,False,False,https://www.nsf.gov/funding/initiatives/epscor,4,False,False,False,False
REVIEW-NSF-FUNDING-OPPORTUNITIES-PA-998D8E,NSF-FUNDING-OPPORTUNITIES-PA-998D8E,NSF Funding Opportunities page,human_review_only,pending,terms permit human access only; automation is not available,True,True,False,https://www.nsf.gov/funding/opportunities,4,False,False,False,False
REVIEW-NTIA-BEAD-PROGRAM-ED271A,NTIA-BEAD-PROGRAM-ED271A,NTIA BEAD Program,human_review_only,pending,terms permit human access only; automation is not available,True,True,False,https://www.internetforall.gov/program/broadband-equity-access-and-deployment-bead-program,4,False,False,False,False
REVIEW-NTIA-DIGITAL-EQUITY-ACT-NATI-8F3DB2,NTIA-DIGITAL-EQUITY-ACT-NATI-8F3DB2,NTIA Digital Equity Act - Native Entity Capacity & Planning,human_review_only,pending,terms permit human access only; automation is not available,True,True,False,https://www.ntia.gov/funding-programs,4,False,False,False,False
REVIEW-OJP-CURRENT-FUNDING-OPPORTUN-6978DC,OJP-CURRENT-FUNDING-OPPORTUN-6978DC,OJP Current Funding Opportunities,terms_review_required,pending,terms carry an obligation or restriction needing legal review,True,False,False,https://www.ojp.gov/funding/explore/current-funding-opportunities,4,False,False,False,False
REVIEW-SAM-GOV-DATA-SERVICES-PORTAL-2A4BE2,SAM-GOV-DATA-SERVICES-PORTAL-2A4BE2,SAM.gov Data Services portal,human_review_only,pending,terms permit human access only; automation is not available,True,True,False,https://sam.gov/data-services,4,False,False,False,False
REVIEW-SBA-7-J-MANAGEMENT-AND-TECHN-A084FA,SBA-7-J-MANAGEMENT-AND-TECHN-A084FA,SBA 7(j) Management and Technical Assistance,human_review_only,pending,terms permit human access only; automation is not available,True,True,False,https://www.sba.gov/federal-contracting/contracting-assistance-programs/7j-management-and-technical-assistance-program,4,False,False,False,False
REVIEW-SC-BROADBAND-OFFICE-BEAD-16E0C9,SC-BROADBAND-OFFICE-BEAD-16E0C9,SC Broadband Office BEAD,terms_review_required,pending,terms carry an obligation or restriction needing legal review,True,False,False,https://ors.sc.gov/broadband/office/investments/state/bead,4,False,False,False,False
REVIEW-SC-SCORF,SC-SCORF,SCORF Grant Management System,human_review_only,pending,terms permit human access only; automation is not available,True,True,True,https://scorf.sc.gov/gms,4,False,False,False,False
REVIEW-SCEMD-MAIN-SITE-HSGP-SHSP-EM-4F8683,SCEMD-MAIN-SITE-HSGP-SHSP-EM-4F8683,SCEMD main site - HSGP/SHSP/EMPG absence,human_review_only,pending,terms permit human access only; automation is not available,True,True,False,https://www.scemd.org/,4,False,False,False,False
REVIEW-STATE-AND-LOCAL-CYBERSECURIT-17C7B2,STATE-AND-LOCAL-CYBERSECURIT-17C7B2,State and Local Cybersecurity Grant Program (SLCGP),human_review_only,pending,terms permit human access only; automation is not available,True,True,False,https://www.fema.gov/grants/preparedness/state-local-cybersecurity,4,False,False,False,False
REVIEW-TRIBAL-CYBERSECURITY-GRANT-P-0C67C6,TRIBAL-CYBERSECURITY-GRANT-P-0C67C6,Tribal Cybersecurity Grant Program,human_review_only,pending,terms permit human access only; automation is not available,True,True,False,https://www.fema.gov/grants/preparedness/tribal-cybersecurity,4,False,False,False,False
REVIEW-USDA-FNA-SUMMER-EBT-TRIBAL-A-B8B108,USDA-FNA-SUMMER-EBT-TRIBAL-A-B8B108,USDA FNA Summer EBT (tribal administration),human_review_only,pending,terms permit human access only; automation is not available,True,True,False,UNKNOWN - not verified,4,False,False,False,False
REVIEW-USDA-NRCS-FSA-FOREST-SERVICE-A176C4,USDA-NRCS-FSA-FOREST-SERVICE-A176C4,USDA NRCS / FSA / Forest Service tribal programs,human_review_only,pending,terms permit human access only; automation is not available,True,True,False,UNKNOWN - not verified,4,False,False,False,False
REVIEW-USGS-TRIBAL-FUNDING-A2DBD3,USGS-TRIBAL-FUNDING-A2DBD3,USGS tribal funding,human_review_only,pending,terms permit human access only; automation is not available,True,True,False,https://www.usgs.gov/office-of-tribal-relations,4,False,False,False,False
REVIEW-GRANTS-GOV-RSS-FEEDS-514B05,GRANTS-GOV-RSS-FEEDS-514B05,Grants.gov RSS feeds,human_review_only,pending,terms permit human access only; automation is not available,True,True,False,https://www.grants.gov/rss/GG_NewOppByAgency.xml,5,False,False,False,False
REVIEW-NIH-ERA-COMMONS-18D770,NIH-ERA-COMMONS-18D770,NIH eRA Commons,human_review_only,pending,terms permit human access only; automation is not available,True,True,False,https://www.era.nih.gov/,5,False,False,False,False
REVIEW-THIRD-PARTY-GRANT-AGGREGATOR-EA29BD,THIRD-PARTY-GRANT-AGGREGATOR-EA29BD,Third-party grant aggregators,human_review_only,pending,terms permit human access only; automation is not available,True,True,False,NA,5,False,False,False,False
