capability,expected_table,schema_available,organization_id_anchor_available,rls_backed,repository_available,service_contract_available,write_path_available,read_path_available,customer_auth_required,customer_auth_live,operational,demo_only,blocked_reasons
tenant_profile_persistence,nf_tribal_profiles,true,true,true,true,true,true,true,true,false,false,true,no_customer_auth_so_nobody_owns_the_row
awarded_grants_persistence,nf_awarded_grants,true,true,true,true,true,true,true,true,false,false,true,no_customer_auth_so_nobody_owns_the_row
award_requirements_persistence,nf_award_requirements,true,true,true,true,true,true,true,true,false,false,true,no_customer_auth_so_nobody_owns_the_row
proof_audit_persistence,nf_award_requirement_proof_events,true,true,true,true,true,true,true,true,false,false,true,no_customer_auth_so_nobody_owns_the_row
tenant_digest_persistence,nf_tenant_digest_records,false,false,false,false,true,false,false,true,false,false,false,no_customer_auth_so_nobody_owns_the_row; no_repository_can_address_this_capability; no_table_declares_this_capability:nf_tenant_digest_records
document_library_persistence,nf_award_documents,true,true,true,true,true,true,true,true,false,false,true,no_customer_auth_so_nobody_owns_the_row
source_watchlist_persistence,nf_source_watchlist_entries,true,true,true,true,true,true,true,true,false,false,true,no_customer_auth_so_nobody_owns_the_row
identity_binding_persistence,nf_tenant_customer_org_bindings,true,true,true,true,true,true,true,true,false,false,true,no_customer_auth_so_nobody_owns_the_row
beta_onboarding_persistence,nf_beta_onboarding_records,false,false,false,false,false,false,false,true,false,false,false,no_customer_auth_so_nobody_owns_the_row; no_repository_can_address_this_capability; no_service_decides_what_may_be_written; no_table_declares_this_capability:nf_beta_onboarding_records
