case,operation,organization_id,persistence_capability,rls_compatible,customer_auth_live,forges_customer_auth,binding_required,binding_status,write_allowed,read_allowed,demo_only,cross_tenant_risk,human_review_required,blocked_reasons
verified_binding_auth_false,write_tenant_profile,00000000-0000-4000-8000-000000000114,tenant_profile_persistence,true,false,false,true,verified_binding,false,true,false,true,true,customer_auth_not_live
tenant_id_only_write,write_tenant_profile,,tenant_profile_persistence,false,true,true,true,verified_binding,false,false,false,true,true,tenant_id_is_not_a_write_authority; write_without_an_organization_id
customer_org_id_only_write,write_tenant_profile,,tenant_profile_persistence,false,true,true,true,verified_binding,false,false,false,true,true,customer_org_id_is_not_a_write_authority; write_without_an_organization_id
organization_profile_id_write,write_tenant_profile,,tenant_profile_persistence,false,true,true,true,verified_binding,false,false,false,true,true,organization_profile_id_is_not_a_write_authority; write_without_an_organization_id
demo_fixture_tenant_profile,write_tenant_profile,00000000-0000-4000-8000-000000000114,tenant_profile_persistence,true,true,true,true,demo_fixture,false,false,true,true,true,auth_principal_not_operational:authenticated_demo; demo_fixture_write_is_never_operational; verified_binding_required_for:write_tenant_profile
demo_fixture_awarded_grant,write_awarded_grant,00000000-0000-4000-8000-000000000114,awarded_grants_persistence,true,false,false,true,unknown,false,false,true,true,true,auth_principal_not_operational:authenticated_demo; customer_auth_not_live; demo_fixture_write_is_never_operational; verified_binding_required_for:write_awarded_grant
demo_fixture_digest,write_digest_record,00000000-0000-4000-8000-000000000114,tenant_digest_persistence,true,false,false,false,unknown,false,false,true,true,true,auth_principal_not_operational:authenticated_demo; customer_auth_not_live; demo_fixture_write_is_never_operational; no_rls_policy_for:tenant_digest_persistence; no_schema_for:tenant_digest_persistence; no_write_path_for:tenant_digest_persistence
auth_live_false_blocks_write,write_identity_binding,00000000-0000-4000-8000-000000000114,identity_binding_persistence,true,false,false,true,verified_binding,false,true,false,true,true,customer_auth_not_live
missing_capability_schema,write_digest_record,00000000-0000-4000-8000-000000000114,tenant_digest_persistence,true,true,true,false,verified_binding,false,false,false,true,true,no_rls_policy_for:tenant_digest_persistence; no_schema_for:tenant_digest_persistence; no_write_path_for:tenant_digest_persistence
