award_id,requirement_id,requirement_type,requirement_title,requirement_status,due_date,due_date_status,extraction_status,evidence_status,is_active_obligation,assigned_owner,proof_of_submission_status,human_review_required
e7b8afff1f51511914f6d563915ccd7a30f7c75136b16c47cf254774fbabd9db,76b153de506730c26fb9719c464b512335ec7283d46d5897464ea1ee53200228,narrative_report,Q4 performance narrative,not_started,2026-01-30,verified,evidence_extracted,evidence_backed,true,Demo grants officer,not_submitted,false
e7b8afff1f51511914f6d563915ccd7a30f7c75136b16c47cf254774fbabd9db,a32d25e854770e065af48d1a57a0f4797192bf124cef95b7425a83251dfe2054,financial_report,Federal financial report,in_progress,2026-03-20,verified,evidence_extracted,evidence_backed,true,Demo finance lead,not_submitted,false
e7b8afff1f51511914f6d563915ccd7a30f7c75136b16c47cf254774fbabd9db,9109797eb46d39887bfb65dcb49be9b5c272c7d5d6928aca88ec670eb97ff38d,board_or_council_resolution,Council resolution accepting the award,submitted,2026-02-10,verified,human_entered,human_entered,true,Demo council liaison,proof_attached,false
e7b8afff1f51511914f6d563915ccd7a30f7c75136b16c47cf254774fbabd9db,b8c30ae9b1be208f23663dbab2024ff1ebfb69ebf5f2110a5283baac8849fde4,closeout,Final closeout package,not_started,2027-03-31,verified,evidence_extracted,evidence_backed,true,Demo grants officer,not_submitted,false
ff822d5ef84501e11cf0b1b7d3b3c106289d2e06b4c477f02940a4fcdedc64fc,56c36571c23c72d225e476bc3d4949bf7e064214ca1a0ab51b399c9d973db614,audit,Single audit if threshold met,not_started,,unknown,human_entered,human_entered,true,Demo finance lead,not_submitted,false
ff822d5ef84501e11cf0b1b7d3b3c106289d2e06b4c477f02940a4fcdedc64fc,9a98f7a4dd8bfe45dc22f2609fe9fea96d731268ca1de73f47ed6064d3703d21,performance_measure,Mid-year performance measures,not_started,2026-08-01,estimated,human_entered,human_entered,true,,not_submitted,false
5b30ce8dd903d6c0e65edc35447e399e7325083222bc548faf1ee21eeebab08f,fef83020231d91f429ada1bb45c835e1ed2e6b892fb542c4c82342b55efe4d6f,unknown,Requirements from an unreadable award package,needs_human_review,,unsupported,unsupported_document_type,unsupported_document_type,false,,not_submitted,true
41df64e9f995035d1fb1c8ebbe7e7ec9fa2b2285a2b26244ace267c65deedf49,0aeb57cc7ccfabaa8042a60901db3ed9421d643dbe8b5cfcefde4213bc66d536,financial_report,Projected quarterly financial reporting,needs_human_review,,unknown,projected_from_nofo,projected_only,false,,not_submitted,true
ff822d5ef84501e11cf0b1b7d3b3c106289d2e06b4c477f02940a4fcdedc64fc,cbb8d5ffbea1124370838633015ca52b7437cc5031c22d8dc6e5d508dea5f8ad,match_documentation,Non-federal match documentation,not_started,,unknown,human_entered,human_entered,true,,not_submitted,false
