award_id,requirement_title,due_date,due_date_status,calendar_placement,placement_reason,is_active_obligation,overdue,due_soon,assigned_owner
e7b8afff1f51511914f6d563915ccd7a30f7c75136b16c47cf254774fbabd9db,Q4 performance narrative,2026-01-30,verified,dated,,true,true,false,Demo grants officer
e7b8afff1f51511914f6d563915ccd7a30f7c75136b16c47cf254774fbabd9db,Federal financial report,2026-03-20,verified,dated,,true,false,true,Demo finance lead
e7b8afff1f51511914f6d563915ccd7a30f7c75136b16c47cf254774fbabd9db,Council resolution accepting the award,2026-02-10,verified,dated,,true,false,false,Demo council liaison
e7b8afff1f51511914f6d563915ccd7a30f7c75136b16c47cf254774fbabd9db,Final closeout package,2027-03-31,verified,dated,,true,false,false,Demo grants officer
ff822d5ef84501e11cf0b1b7d3b3c106289d2e06b4c477f02940a4fcdedc64fc,Single audit if threshold met,,unknown,undated,no_date_established,true,false,false,Demo finance lead
ff822d5ef84501e11cf0b1b7d3b3c106289d2e06b4c477f02940a4fcdedc64fc,Mid-year performance measures,2026-08-01,estimated,undated,date_is_an_estimate_not_a_deadline,true,false,false,
ff822d5ef84501e11cf0b1b7d3b3c106289d2e06b4c477f02940a4fcdedc64fc,Non-federal match documentation,,unknown,undated,no_date_established,true,false,false,
5b30ce8dd903d6c0e65edc35447e399e7325083222bc548faf1ee21eeebab08f,Requirements from an unreadable award package,,unsupported,not_an_obligation,provenance_does_not_support_an_active_obligation,false,false,false,
41df64e9f995035d1fb1c8ebbe7e7ec9fa2b2285a2b26244ace267c65deedf49,Projected quarterly financial reporting,,unknown,not_an_obligation,projected_from_a_notice_before_the_award_existed,false,false,false,
