case,binding_status,organization_id_shape,rls_anchor,is_demo,storage_allowed,write_allowed,read_allowed,operational,human_review_required,blocked_reasons
verified_binding_with_verifier,verified_binding,uuid,organization_id,false,true,true,true,true,false,
verified_binding_without_verifier,verified_binding,uuid,organization_id,false,false,false,false,false,true,verified_binding_without_a_verifier_identity
tenant_id_as_anchor,verified_binding,absent,organization_id,false,false,false,false,false,true,binding_without_an_organization_id_anchor
customer_org_id_as_anchor,verified_binding,absent,organization_id,false,false,false,false,false,true,binding_without_an_organization_id_anchor
organization_profile_id_as_anchor,verified_binding,absent,organization_id,false,false,false,false,false,true,binding_without_an_organization_id_anchor; organization_profile_id_is_not_an_organization_id_anchor
demo_fixture_binding,demo_fixture,uuid,organization_id,true,true,true,true,false,false,
demo_anchor_value,verified_binding,free_form,organization_id,false,false,false,false,false,true,demo_identity_cannot_anchor_a_stored_binding; organization_id_anchor_is_not_a_uuid:free_form
conflict_binding,conflict,uuid,organization_id,false,false,false,false,false,true,conflict_binding_blocks_reads_and_writes
revoked_binding,revoked,uuid,organization_id,false,true,false,true,false,false,
